{
    "global_map": 0.28319936990737915,
    "global_map_50": 0.518869936466217,
    "global_map_75": 0.2723316550254822,
    "global_mar_1": 0.18141062557697296,
    "global_mar_10": 0.34922167658805847,
    "global_mar_100": 0.36090534925460815,
    "global_map_per_class": [
        0.3283986449241638,
        0.12421300262212753,
        0.0818180963397026,
        0.5983678102493286
    ],
    "jan_map": 0.36787939071655273,
    "jan_map_50": 0.7147026062011719,
    "jan_map_75": 0.34910058975219727,
    "jan_mar_1": 0.21163006126880646,
    "jan_mar_10": 0.4289087951183319,
    "jan_mar_100": 0.43732061982154846,
    "jan_map_per_class": [
        0.439782977104187,
        0.18518738448619843,
        -1.0,
        0.4786677956581116
    ],
    "feb_map": 0.29450225830078125,
    "feb_map_50": 0.5205981135368347,
    "feb_map_75": 0.28845709562301636,
    "feb_mar_1": 0.17501655220985413,
    "feb_mar_10": 0.3387810289859772,
    "feb_mar_100": 0.3542328178882599,
    "feb_map_per_class": [
        0.3953135311603546,
        0.11620897799730301,
        0.0,
        0.6664865016937256
    ],
    "mar_map": 0.2633134722709656,
    "mar_map_50": 0.4863707721233368,
    "mar_map_75": 0.25336945056915283,
    "mar_mar_1": 0.1735401600599289,
    "mar_mar_10": 0.32177624106407166,
    "mar_mar_100": 0.32843920588493347,
    "mar_map_per_class": [
        0.36387044191360474,
        0.10740339010953903,
        0.0035739571321755648,
        0.578406035900116
    ],
    "apr_map": 0.2577340602874756,
    "apr_map_50": 0.480960488319397,
    "apr_map_75": 0.23924468457698822,
    "apr_mar_1": 0.15666835010051727,
    "apr_mar_10": 0.3126108646392822,
    "apr_mar_100": 0.32610875368118286,
    "apr_map_per_class": [
        0.31858980655670166,
        0.11663523316383362,
        0.0032859917264431715,
        0.5924252271652222
    ],
    "may_map": 0.23053660988807678,
    "may_map_50": 0.42878004908561707,
    "may_map_75": 0.21715079247951508,
    "may_mar_1": 0.13545764982700348,
    "may_mar_10": 0.29756471514701843,
    "may_mar_100": 0.30872830748558044,
    "may_map_per_class": [
        0.24666957557201385,
        0.11627917736768723,
        0.0009564342326484621,
        0.5582412481307983
    ],
    "jun_map": 0.2915416955947876,
    "jun_map_50": 0.5703634023666382,
    "jun_map_75": 0.2508370280265808,
    "jun_mar_1": 0.20472998917102814,
    "jun_mar_10": 0.3688967227935791,
    "jun_mar_100": 0.38130199909210205,
    "jun_map_per_class": [
        0.2583405375480652,
        0.10855963081121445,
        0.1551584005355835,
        0.644108235836029
    ],
    "jul_map": 0.35464316606521606,
    "jul_map_50": 0.6729483604431152,
    "jul_map_75": 0.3150244355201721,
    "jul_mar_1": 0.1961764693260193,
    "jul_mar_10": 0.41164278984069824,
    "jul_mar_100": 0.4240925908088684,
    "jul_map_per_class": [
        0.3442363142967224,
        0.18636107444763184,
        -1.0,
        0.533332109451294
    ],
    "aug_map": 0.34139981865882874,
    "aug_map_50": 0.5856706500053406,
    "aug_map_75": 0.34509536623954773,
    "aug_mar_1": 0.1960909217596054,
    "aug_mar_10": 0.3907782733440399,
    "aug_mar_100": 0.405534029006958,
    "aug_map_per_class": [
        0.3445267975330353,
        0.1443362832069397,
        0.20715105533599854,
        0.669585108757019
    ],
    "global_map_con": 0.17657818298320715,
    "global_map_bal": 0.4272488258804003
}