{
    "global_map": 0.2848150134086609,
    "global_map_50": 0.5186963677406311,
    "global_map_75": 0.270343154668808,
    "global_mar_1": 0.1888526976108551,
    "global_mar_10": 0.349343478679657,
    "global_mar_100": 0.35929811000823975,
    "global_map_per_class": [
        0.3140465021133423,
        0.0984136164188385,
        0.11865773051977158,
        0.6081421971321106
    ],
    "jan_map": 0.35967394709587097,
    "jan_map_50": 0.673533022403717,
    "jan_map_75": 0.3479941785335541,
    "jan_mar_1": 0.20656058192253113,
    "jan_mar_10": 0.4150049090385437,
    "jan_mar_100": 0.42100080847740173,
    "jan_map_per_class": [
        0.41555169224739075,
        0.15788228809833527,
        -1.0,
        0.5055878758430481
    ],
    "feb_map": 0.2932824492454529,
    "feb_map_50": 0.5105949640274048,
    "feb_map_75": 0.29732319712638855,
    "feb_mar_1": 0.17587865889072418,
    "feb_mar_10": 0.3365427851676941,
    "feb_mar_100": 0.3496149480342865,
    "feb_map_per_class": [
        0.37244755029678345,
        0.10416519641876221,
        0.0,
        0.6965169906616211
    ],
    "mar_map": 0.2618904709815979,
    "mar_map_50": 0.483821302652359,
    "mar_map_75": 0.25709402561187744,
    "mar_mar_1": 0.1687466949224472,
    "mar_mar_10": 0.31124329566955566,
    "mar_mar_100": 0.3168947994709015,
    "mar_map_per_class": [
        0.345164030790329,
        0.10027968138456345,
        0.016216101124882698,
        0.5859020948410034
    ],
    "apr_map": 0.25069931149482727,
    "apr_map_50": 0.4739045798778534,
    "apr_map_75": 0.23053987324237823,
    "apr_mar_1": 0.16797387599945068,
    "apr_mar_10": 0.3165941536426544,
    "apr_mar_100": 0.32768937945365906,
    "apr_map_per_class": [
        0.3018127977848053,
        0.09111354500055313,
        0.014377124607563019,
        0.595493733882904
    ],
    "may_map": 0.24308505654335022,
    "may_map_50": 0.4437277317047119,
    "may_map_75": 0.23107516765594482,
    "may_mar_1": 0.13808482885360718,
    "may_mar_10": 0.2959851622581482,
    "may_mar_100": 0.30586716532707214,
    "may_map_per_class": [
        0.23560601472854614,
        0.10542494803667068,
        0.015866070985794067,
        0.6154431700706482
    ],
    "jun_map": 0.2980623245239258,
    "jun_map_50": 0.5843246579170227,
    "jun_map_75": 0.24358397722244263,
    "jun_mar_1": 0.2118806391954422,
    "jun_mar_10": 0.3772377371788025,
    "jun_mar_100": 0.3881555497646332,
    "jun_map_per_class": [
        0.2507271468639374,
        0.10201994329690933,
        0.21126854419708252,
        0.6282336115837097
    ],
    "jul_map": 0.30604735016822815,
    "jul_map_50": 0.5855160355567932,
    "jul_map_75": 0.2679884433746338,
    "jul_mar_1": 0.18138720095157623,
    "jul_mar_10": 0.35554659366607666,
    "jul_mar_100": 0.36617931723594666,
    "jul_map_per_class": [
        0.3235687017440796,
        0.170023575425148,
        -1.0,
        0.42454978823661804
    ],
    "aug_map": 0.3377986550331116,
    "aug_map_50": 0.5696288347244263,
    "aug_map_75": 0.337411493062973,
    "aug_mar_1": 0.1989869326353073,
    "aug_mar_10": 0.37995463609695435,
    "aug_mar_100": 0.3929472267627716,
    "aug_map_per_class": [
        0.32124051451683044,
        0.09182731807231903,
        0.2603837847709656,
        0.6777429580688477
    ],
    "global_map_con": 0.14052036312310334,
    "global_map_bal": 0.4458089657950829
}