epoch,time,train/box_loss,train/cls_loss,train/dfl_loss,metrics/precision(B),metrics/recall(B),metrics/mAP50(B),metrics/mAP50-95(B),val/box_loss,val/cls_loss,val/dfl_loss,lr/pg0,lr/pg1,lr/pg2
1,0.474026,0.98805,2.64768,1.31211,0.55922,0.85,0.87795,0.63376,1.65387,1.03009,1.37847,0,0,0
2,0.706508,1.0377,3.25843,1.38245,0.55757,0.85,0.88493,0.63524,1.66884,1.02763,1.38308,7.973e-07,7.973e-07,7.973e-07
3,0.927526,1.39932,2.76489,1.7906,0.55297,0.85,0.84976,0.63191,1.69133,1.03814,1.39183,8.092e-07,8.092e-07,8.092e-07
